﻿<?xml version="1.0" encoding="UTF-8" standalone="yes"?>
<addon id="repository.jas0npc" name="__Jas0npc__ Repository" version="1.0.6" provider-name="Jas0npc">
	<extension point="xbmc.addon.repository" name="__Jas0npc__ Addon Repository">
		<info compressed="false">http://raw.github.com/jas0npc/kodi/master/addons/addons.xml</info>
		<checksum>http://raw.github.com/jas0npc/kodi/master/addons/addons.xml.md5</checksum>
		<datadir zip="true">http://raw.github.com/jas0npc/kodi/master/addons/</datadir>
	</extension>
	<extension point="xbmc.addon.metadata">
		<summary>New and old stuff from me.</summary>
		<description></description>
		<platform>all</platform>
	</extension>
</addon>

